{
  "todos": {
    "Coordinator": {
      "1": {
        "id": "1",
        "content": "Investigar y preparar estructura de la aplicación Android",
        "details": "Investigar las mejores prácticas para desarrollo Android con Jetpack Compose, permisos de micrófono, almacenamiento seguro (EncryptedSharedPreferences), y arquitectura MVVM. Definir estructura de proyecto Android Studio completa.",
        "status": "completed",
        "priority": "high"
      },
      "2": {
        "id": "2",
        "content": "Investigar modelos de IA para clonación de voz",
        "details": "Investigar modelos como XTTSv2, Bark, y otros para clonación de voz con control de emociones. Analizar implementación de marca de agua acústica y flujo de entrenamiento.",
        "status": "completed",
        "priority": "high"
      },
      "3": {
        "id": "3",
        "content": "Desarrollar backend FastAPI completo",
        "details": "Crear backend Python con FastAPI incluyendo: endpoints POST /upload-voice, POST /train, POST /generate, GET /models/{userId}, integración con modelos de IA, sistema de marca de agua, autenticación JWT, y configuración para despliegue.",
        "status": "completed",
        "priority": "high"
      },
      "4": {
        "id": "4",
        "content": "Desarrollar aplicación Android completa",
        "details": "Crear aplicación Android con Kotlin/Jetpack Compose incluyendo: pantallas (inicio, grabación, entrenamiento, generación, reproducción, configuración), permisos de micrófono, almacenamiento seguro, integración con API backend, Material 3 design, y manejo de estados de carga.",
        "status": "completed",
        "priority": "high"
      },
      "5": {
        "id": "5",
        "content": "Crear documentación y archivos de configuración",
        "details": "Generar README.md completo con instrucciones paso a paso, LICENSE MIT, requirements.txt, configuración Gradle, documentación API con Swagger, y ejemplos de uso desde Android.",
        "status": "completed",
        "priority": "medium"
      }
    }
  }
}