{
  "_source_id": 20,
  "sources": {
    "Modelos de IA para Clonación de Voz": {
      "https://huggingface.co/coqui/XTTS-v2": {
        "id": 1,
        "publisher": "Hugging Face",
        "url": "https://huggingface.co/coqui/XTTS-v2",
        "title": "XTTS-v2 - Hugging Face Model Card",
        "info": "Especificaciones técnicas de XTTS-v2: modelo multilingüe con soporte para 17 idiomas, clonación de voz con solo 6 segundos de audio, APIs en Python y línea de comandos, mejoras arquitectónicas para acondicionamiento de hablantes"
      },
      "https://arxiv.org/html/2406.04904v1": {
        "id": 2,
        "publisher": "arXiv",
        "url": "https://arxiv.org/html/2406.04904v1",
        "title": "XTTS: a Massively Multilingual Zero-Shot Text-to-Speech Model",
        "info": "Detalles técnicos de la arquitectura de XTTS: modelo masivamente multilingüe Zero-Shot construido sobre Tortoise con modificaciones para entrenamiento multilingüe, VQ-VAE de 13M parámetros, codificador GPT-2 de 443M parámetros, dataset de 27,281 horas en 16 idiomas"
      },
      "https://github.com/suno-ai/bark": {
        "id": 3,
        "publisher": "GitHub - Suno AI",
        "url": "https://github.com/suno-ai/bark",
        "title": "Bark: Text-Prompted Generative Audio Model",
        "info": "Información detallada sobre Bark: modelo generativo de texto-audio con arquitectura transformer, VRAM requerida (12GB modelo completo), soporte para 13 idiomas, generación de audio no verbal, música y efectos de sonido, licencia MIT"
      },
      "https://github.com/neonbjb/tortoise-tts": {
        "id": 4,
        "publisher": "GitHub - neonbjb",
        "url": "https://github.com/neonbjb/tortoise-tts",
        "title": "tortoise-tts: High Quality Text-to-Speech",
        "info": "Arquitectura y especificaciones de Tortoise-TTS: sistema multivoz con enfoque en calidad, decodificador autorregresivo + difusión, RTF 0.25-0.3 en 4GB VRAM, personalización de voz con voice_samples, licencia Apache 2.0"
      },
      "https://arxiv.org/html/2505.21568v2": {
        "id": 5,
        "publisher": "arXiv",
        "url": "https://arxiv.org/html/2505.21568v2",
        "title": "VoiceMark: Zero-Shot Voice Cloning-Resistant Watermarking",
        "info": "VoiceMark: primer método de watermarking resistente a voice cloning zero-shot usando latencias específicas del hablante como portador, precisión de detección >95% después de síntesis VC, arquitectura con embedder y decoder Transformer"
      },
      "https://docs.unsloth.ai/basics/text-to-speech-tts-fine-tuning": {
        "id": 6,
        "publisher": "Unsloth",
        "url": "https://docs.unsloth.ai/basics/text-to-speech-tts-fine-tuning",
        "title": "Text-to-Speech (TTS) Fine-tuning Guide",
        "info": "Guía completa para fine-tuning de modelos TTS y STT, comparación entre fine-tuning vs zero-shot cloning, mejores prácticas para adaptación de modelos, procedimientos de entrenamiento con datasets de 3+ horas"
      },
      "https://github.com/svc-develop-team/so-vits-svc": {
        "id": 7,
        "publisher": "GitHub - svc-develop-team",
        "url": "https://github.com/svc-develop-team/so-vits-svc",
        "title": "so-vits-svc: SoftVC VITS Singing Voice Conversion",
        "info": "Especificaciones de so-vits-svc: proyecto para conversión de voz cantada (SVC) usando VITS y SoftVC, no TTS, múltiples codificadores de voz soportados (ContentVec, Whisper-PPG), predicción F0 automática, licencia AGPL-3.0"
      },
      "https://github.com/AcTePuKc/Universal-TTS-Guide": {
        "id": 8,
        "publisher": "GitHub - AcTePuKc",
        "url": "https://github.com/AcTePuKc/Universal-TTS-Guide",
        "title": "Universal TTS Model Training & Dataset Preparation Guide",
        "info": "Guía universal para entrenamiento de modelos TTS personalizados: preparación de datasets de voz, consideraciones de calidad de audio (22050Hz recomendado), tamaños de datos por objetivo (5-20 horas para fine-tuning), flujo de trabajo completo desde datos a empaquetado"
      }
    },
    "Android Jetpack Compose Architecture Analysis": {
      "https://developer.android.com/topic/architecture": {
        "id": 9,
        "publisher": "Android Developers",
        "url": "https://developer.android.com/topic/architecture",
        "title": "Guide to App Architecture",
        "info": "Guía oficial de arquitectura Android con mejores prácticas para capas de UI, datos, dominio, separación de responsabilidades, y patrones MVVM con Jetpack Compose"
      },
      "https://developer.android.com/develop/ui/compose/state": {
        "id": 10,
        "publisher": "Android Developers",
        "url": "https://developer.android.com/develop/ui/compose/state",
        "title": "State and Jetpack Compose",
        "info": "Documentación oficial sobre manejo de estado en Jetpack Compose, incluyendo remember, rememberSaveable, StateFlow, LiveData, y mejores prácticas de elevación de estado"
      },
      "https://developer.android.com/develop/ui/compose/navigation": {
        "id": 11,
        "publisher": "Android Developers",
        "url": "https://developer.android.com/develop/ui/compose/navigation",
        "title": "Navigation with Compose",
        "info": "Documentación oficial sobre navegación en Jetpack Compose, configuración, NavController, argumentos, deep linking, navegación anidada, y mejores prácticas"
      },
      "https://developer.android.com/develop/ui/compose/state-saving": {
        "id": 12,
        "publisher": "Android Developers",
        "url": "https://developer.android.com/develop/ui/compose/state-saving",
        "title": "Save UI State in Compose",
        "info": "Guía oficial sobre guardado de estado en Jetpack Compose, rememberSaveable, conservación durante cambios de configuración, y manejo de SavedStateHandle"
      },
      "https://developer.android.com/topic/architecture/recommendations": {
        "id": 13,
        "publisher": "Android Developers",
        "url": "https://developer.android.com/topic/architecture/recommendations",
        "title": "Recommendations for Android Architecture",
        "info": "Recomendaciones oficiales de arquitectura Android, patrones de separación de responsabilidades, mejores prácticas para ViewModels, UDF, y gestión de dependencias"
      },
      "https://developer.android.com/media/platform/mediarecorder": {
        "id": 14,
        "publisher": "Android Developers",
        "url": "https://developer.android.com/media/platform/mediarecorder",
        "title": "MediaRecorder Overview",
        "info": "Documentación oficial sobre MediaRecorder, grabación de audio desde micrófono, configuración, permisos RECORD_AUDIO, y manejo de ciclo de vida para audio"
      },
      "https://medium.com/@naresh.k.objects/best-practices-with-mvvm-kotlin-and-jetpack-compose-in-android-app-development-1d9eaa59f74c": {
        "id": 15,
        "publisher": "Medium - Naresh Kumar",
        "url": "https://medium.com/@naresh.k.objects/best-practices-with-mvvm-kotlin-and-jetpack-compose-in-android-app-development-1d9eaa59f74c",
        "title": "Best Practices with MVVM, Kotlin, and Jetpack Compose",
        "info": "Mejores prácticas de MVVM con Kotlin y Jetpack Compose, arquitectura limpia, inyección de dependencias con Hilt, manejo de estado, y modularización"
      },
      "https://kabi20.medium.com/permission-handling-in-kotlin-using-jetpack-compose-198a5ba7ebc4": {
        "id": 16,
        "publisher": "Medium - Kabi",
        "url": "https://kabi20.medium.com/permission-handling-in-kotlin-using-jetpack-compose-198a5ba7ebc4",
        "title": "Permission Handling in Kotlin using Jetpack Compose",
        "info": "Manejo de permisos en Jetpack Compose usando Accompanist Permissions, solicitud de permisos de micrófono y cámara en tiempo de ejecución, y gestión de estados de permisos"
      },
      "https://medium.com/@manishkumar_75473/jetpack-compose-set-up-fe176118b478": {
        "id": 17,
        "publisher": "Medium - Manish Kumar",
        "url": "https://medium.com/@manishkumar_75473/jetpack-compose-set-up-fe176118b478",
        "title": "Jetpack Compose Setup",
        "info": "Configuración inicial de Jetpack Compose, dependencias requeridas, Android Studio setup, gradle configuration, y estructura básica de proyecto"
      },
      "https://medium.com/@moraneus/secure-your-android-apps-data-with-encryptedsharedpreferences-7091da539f5e": {
        "id": 18,
        "publisher": "Medium - Moraneus",
        "url": "https://medium.com/@moraneus/secure-your-android-apps-data-with-encryptedsharedpreferences-7091da539f5e",
        "title": "Secure Your Android App's Data with EncryptedSharedPreferences",
        "info": "Implementación y uso de EncryptedSharedPreferences, configuración de seguridad, esquemas de cifrado, comparación con SharedPreferences regulares"
      },
      "https://medium.com/@maliksaif070/from-encryptedsharedpreferences-to-secure-datastore-in-jetpack-compose-my-real-world-shift-9f3a6f3c57b2": {
        "id": 19,
        "publisher": "Medium - Malik Saif",
        "url": "https://medium.com/@maliksaif070/from-encryptedsharedpreferences-to-secure-datastore-in-jetpack-compose-my-real-world-shift-9f3a6f3c57b2",
        "title": "From EncryptedSharedPreferences to Secure DataStore",
        "info": "Migración de EncryptedSharedPreferences a Secure DataStore, problemas encontrados con EncryptedSharedPreferences, y alternativas modernas de almacenamiento seguro"
      },
      "https://medium.com/@kliment.jonceski/a-guide-to-modern-android-project-package-structures-3a9bb385307d": {
        "id": 20,
        "publisher": "Medium - Kliment Jonceski",
        "url": "https://medium.com/@kliment.jonceski/a-guide-to-modern-android-project-package-structures-3a9bb385307d",
        "title": "A Guide to Modern Android Project Package Structures",
        "info": "Estructuras modernas de proyectos Android, organización por capas vs por características, módulos de Gradle, y mejores prácticas para proyectos con Jetpack Compose"
      }
    }
  }
}